Day,超时概率,游览不达标概率
1,15.045,1.7399999999999998
2,10.925,0.015
3,14.065,4.3999999999999995
4,15.61,5.19
5,13.19,3.74
